Bulan,Bulan,Ekspor,Impor,Neraca Perdagangan,Jun-2025,Jun-2025&nbsp;,Jun-2025&nbsp;&nbsp;,,62
Jan-2000,Sat Jan 01 2000 00:00:00 GMT+0700 (Western Indonesia Time),4.39,2.17,2.2199999999999998,4.39,2.17,2.2199999999999998,,
Feb-2000,Tue Feb 01 2000 00:00:00 GMT+0700 (Western Indonesia Time),4.79,2.12,2.67,4.79,2.12,2.67,,
Mar-2000,Wed Mar 01 2000 00:00:00 GMT+0700 (Western Indonesia Time),4.95,2.27,2.68,4.95,2.27,2.68,,
Apr-2000,Sat Apr 01 2000 00:00:00 GMT+0700 (Western Indonesia Time),5.01,2.34,2.67,5.01,2.34,2.67,,
May-2000,Mon May 01 2000 00:00:00 GMT+0700 (Western Indonesia Time),4.86,2.38,2.4800000000000004,4.86,2.38,2.4800000000000004,,
Jun-2000,Thu Jun 01 2000 00:00:00 GMT+0700 (Western Indonesia Time),5.35,2.47,2.8799999999999994,5.35,2.47,2.8799999999999994,,
Jul-2000,Sat Jul 01 2000 00:00:00 GMT+0700 (Western Indonesia Time),5.39,2.69,2.6999999999999997,5.39,2.69,2.6999999999999997,,
Sep-2000,Fri Sep 01 2000 00:00:00 GMT+0700 (Western Indonesia Time),5.77,3.45,2.3199999999999994,5.77,3.45,2.3199999999999994,,
Nov-2000,Wed Nov 01 2000 00:00:00 GMT+0700 (Western Indonesia Time),5.24,3.57,1.6700000000000004,5.24,3.57,1.6700000000000004,,
Jan-2001,Mon Jan 01 2001 00:00:00 GMT+0700 (Western Indonesia Time),4.89,2.94,1.9499999999999997,4.89,2.94,1.9499999999999997,,
Feb-2001,Thu Feb 01 2001 00:00:00 GMT+0700 (Western Indonesia Time),4.74,3.18,1.56,4.74,3.18,1.56,,
Mar-2001,Thu Mar 01 2001 00:00:00 GMT+0700 (Western Indonesia Time),5.22,3.09,2.13,5.22,3.09,2.13,,
Apr-2001,Sun Apr 01 2001 00:00:00 GMT+0700 (Western Indonesia Time),4.8,2.92,1.88,4.8,2.92,1.88,,
May-2001,Tue May 01 2001 00:00:00 GMT+0700 (Western Indonesia Time),4.85,2.91,1.9399999999999995,4.85,2.91,1.9399999999999995,,
Jun-2001,Fri Jun 01 2001 00:00:00 GMT+0700 (Western Indonesia Time),4.85,2.7,2.1499999999999995,4.85,2.7,2.1499999999999995,,
Jul-2001,Sun Jul 01 2001 00:00:00 GMT+0700 (Western Indonesia Time),4.87,2.45,2.42,4.87,2.45,2.42,,
Sep-2001,Sat Sep 01 2001 00:00:00 GMT+0700 (Western Indonesia Time),4.35,2.13,2.2199999999999998,4.35,2.13,2.2199999999999998,,
Nov-2001,Thu Nov 01 2001 00:00:00 GMT+0700 (Western Indonesia Time),3.89,2.12,1.77,3.89,2.12,1.77,,
Jan-2002,Tue Jan 01 2002 00:00:00 GMT+0700 (Western Indonesia Time),4.09,2.09,2,4.09,2.09,2,,
Feb-2002,Fri Feb 01 2002 00:00:00 GMT+0700 (Western Indonesia Time),4.2,2.18,2.02,4.2,2.18,2.02,,
Mar-2002,Fri Mar 01 2002 00:00:00 GMT+0700 (Western Indonesia Time),4.54,2.36,2.18,4.54,2.36,2.18,,
Apr-2002,Mon Apr 01 2002 00:00:00 GMT+0700 (Western Indonesia Time),4.77,2.38,2.3899999999999997,4.77,2.38,2.3899999999999997,,
May-2002,Wed May 01 2002 00:00:00 GMT+0700 (Western Indonesia Time),4.73,2.5,2.2300000000000004,4.73,2.5,2.2300000000000004,,
Jun-2002,Sat Jun 01 2002 00:00:00 GMT+0700 (Western Indonesia Time),5.1,2.44,2.6599999999999997,5.1,2.44,2.6599999999999997,,
Jul-2002,Mon Jul 01 2002 00:00:00 GMT+0700 (Western Indonesia Time),5,2.65,2.35,5,2.65,2.35,,
Sep-2002,Sun Sep 01 2002 00:00:00 GMT+0700 (Western Indonesia Time),5.14,2.86,2.28,5.14,2.86,2.28,,
Nov-2002,Fri Nov 01 2002 00:00:00 GMT+0700 (Western Indonesia Time),4.44,2.96,1.4800000000000004,4.44,2.96,1.4800000000000004,,
Jan-2003,Wed Jan 01 2003 00:00:00 GMT+0700 (Western Indonesia Time),5,2.74,2.26,5,2.74,2.26,,
Feb-2003,Sat Feb 01 2003 00:00:00 GMT+0700 (Western Indonesia Time),4.98,2.82,2.1600000000000006,4.98,2.82,2.1600000000000006,,
Mar-2003,Sat Mar 01 2003 00:00:00 GMT+0700 (Western Indonesia Time),5.16,2.82,2.3400000000000003,5.16,2.82,2.3400000000000003,,
Apr-2003,Tue Apr 01 2003 00:00:00 GMT+0700 (Western Indonesia Time),5.06,2.62,2.4399999999999995,5.06,2.62,2.4399999999999995,,
May-2003,Thu May 01 2003 00:00:00 GMT+0700 (Western Indonesia Time),4.96,2.58,2.38,4.96,2.58,2.38,,
Jun-2003,Sun Jun 01 2003 00:00:00 GMT+0700 (Western Indonesia Time),5.3,2.45,2.8499999999999996,5.3,2.45,2.8499999999999996,,
Jul-2003,Tue Jul 01 2003 00:00:00 GMT+0700 (Western Indonesia Time),5.27,2.61,2.6599999999999997,5.27,2.61,2.6599999999999997,,
Sep-2003,Mon Sep 01 2003 00:00:00 GMT+0700 (Western Indonesia Time),5.06,2.74,2.3199999999999994,5.06,2.74,2.3199999999999994,,
Nov-2003,Sat Nov 01 2003 00:00:00 GMT+0700 (Western Indonesia Time),4.93,2.8,2.13,4.93,2.8,2.13,,
Jan-2004,Thu Jan 01 2004 00:00:00 GMT+0700 (Western Indonesia Time),5.04,3.34,1.7000000000000002,5.04,3.34,1.7000000000000002,,
Feb-2004,Sun Feb 01 2004 00:00:00 GMT+0700 (Western Indonesia Time),4.91,3.39,1.52,4.91,3.39,1.52,,
Mar-2004,Mon Mar 01 2004 00:00:00 GMT+0700 (Western Indonesia Time),5.09,3.47,1.6199999999999997,5.09,3.47,1.6199999999999997,,
Apr-2004,Thu Apr 01 2004 00:00:00 GMT+0700 (Western Indonesia Time),5.28,3.55,1.7300000000000004,5.28,3.55,1.7300000000000004,,
May-2004,Sat May 01 2004 00:00:00 GMT+0700 (Western Indonesia Time),5.59,3.43,2.1599999999999997,5.59,3.43,2.1599999999999997,,
Jun-2004,Tue Jun 01 2004 00:00:00 GMT+0700 (Western Indonesia Time),5.93,3.78,2.15,5.93,3.78,2.15,,
Jul-2004,Thu Jul 01 2004 00:00:00 GMT+0700 (Western Indonesia Time),5.97,4.19,1.7799999999999994,5.97,4.19,1.7799999999999994,,
Sep-2004,Wed Sep 01 2004 00:00:00 GMT+0700 (Western Indonesia Time),7.24,4.25,2.99,7.24,4.25,2.99,,
Nov-2004,Mon Nov 01 2004 00:00:00 GMT+0700 (Western Indonesia Time),6.12,3.9,2.22,6.12,3.9,2.22,,
Jan-2005,Sat Jan 01 2005 00:00:00 GMT+0700 (Western Indonesia Time),6.13,4.12,2.01,6.13,4.12,2.01,,
Feb-2005,Tue Feb 01 2005 00:00:00 GMT+0700 (Western Indonesia Time),6.38,4.28,2.0999999999999996,6.38,4.28,2.0999999999999996,,
Mar-2005,Tue Mar 01 2005 00:00:00 GMT+0700 (Western Indonesia Time),7.36,5.18,2.1800000000000006,7.36,5.18,2.1800000000000006,,
Apr-2005,Fri Apr 01 2005 00:00:00 GMT+0700 (Western Indonesia Time),6.79,5.11,1.6799999999999997,6.79,5.11,1.6799999999999997,,
May-2005,Sun May 01 2005 00:00:00 GMT+0700 (Western Indonesia Time),7.19,4.95,2.24,7.19,4.95,2.24,,
Jun-2005,Wed Jun 01 2005 00:00:00 GMT+0700 (Western Indonesia Time),6.89,4.82,2.0699999999999994,6.89,4.82,2.0699999999999994,,
Jul-2005,Fri Jul 01 2005 00:00:00 GMT+0700 (Western Indonesia Time),7.15,4.99,2.16,7.15,4.99,2.16,,
Sep-2005,Thu Sep 01 2005 00:00:00 GMT+0700 (Western Indonesia Time),7.52,4.92,2.5999999999999996,7.52,4.92,2.5999999999999996,,
Nov-2005,Tue Nov 01 2005 00:00:00 GMT+0700 (Western Indonesia Time),6.89,4.09,2.8,6.89,4.09,2.8,,
Jan-2006,Sun Jan 01 2006 00:00:00 GMT+0700 (Western Indonesia Time),7.56,4.39,3.17,7.56,4.39,3.17,,
Feb-2006,Wed Feb 01 2006 00:00:00 GMT+0700 (Western Indonesia Time),7.4,4.53,2.87,7.4,4.53,2.87,,
Mar-2006,Wed Mar 01 2006 00:00:00 GMT+0700 (Western Indonesia Time),7.5,4.41,3.09,7.5,4.41,3.09,,
Apr-2006,Sat Apr 01 2006 00:00:00 GMT+0700 (Western Indonesia Time),7.64,4.78,2.8599999999999994,7.64,4.78,2.8599999999999994,,
May-2006,Mon May 01 2006 00:00:00 GMT+0700 (Western Indonesia Time),8.37,5.1,3.2699999999999996,8.37,5.1,3.2699999999999996,,
Jun-2006,Thu Jun 01 2006 00:00:00 GMT+0700 (Western Indonesia Time),8.45,5.72,2.7299999999999995,8.45,5.72,2.7299999999999995,,
Jul-2006,Sat Jul 01 2006 00:00:00 GMT+0700 (Western Indonesia Time),8.88,5.43,3.450000000000001,8.88,5.43,3.450000000000001,,
Sep-2006,Fri Sep 01 2006 00:00:00 GMT+0700 (Western Indonesia Time),8.84,5.65,3.1899999999999995,8.84,5.65,3.1899999999999995,,
Nov-2006,Wed Nov 01 2006 00:00:00 GMT+0700 (Western Indonesia Time),8.92,5.81,3.1100000000000003,8.92,5.81,3.1100000000000003,,
Jan-2007,Mon Jan 01 2007 00:00:00 GMT+0700 (Western Indonesia Time),8.32,5.28,3.04,8.32,5.28,3.04,,
Feb-2007,Thu Feb 01 2007 00:00:00 GMT+0700 (Western Indonesia Time),8.19,4.66,3.5299999999999994,8.19,4.66,3.5299999999999994,,
Mar-2007,Thu Mar 01 2007 00:00:00 GMT+0700 (Western Indonesia Time),9.06,5.65,3.41,9.06,5.65,3.41,,
Apr-2007,Sun Apr 01 2007 00:00:00 GMT+0700 (Western Indonesia Time),8.91,5.64,3.2700000000000005,8.91,5.64,3.2700000000000005,,
May-2007,Tue May 01 2007 00:00:00 GMT+0700 (Western Indonesia Time),9.81,6.46,3.3500000000000005,9.81,6.46,3.3500000000000005,,
Jun-2007,Fri Jun 01 2007 00:00:00 GMT+0700 (Western Indonesia Time),9.56,6.01,3.5500000000000007,9.56,6.01,3.5500000000000007,,
Jul-2007,Sun Jul 01 2007 00:00:00 GMT+0700 (Western Indonesia Time),10.04,6.36,3.679999999999999,10.04,6.36,3.679999999999999,,
Sep-2007,Sat Sep 01 2007 00:00:00 GMT+0700 (Western Indonesia Time),9.52,6.79,2.7299999999999995,9.52,6.79,2.7299999999999995,,
Nov-2007,Thu Nov 01 2007 00:00:00 GMT+0700 (Western Indonesia Time),9.84,7.57,2.2699999999999996,9.84,7.57,2.2699999999999996,,
Jan-2008,Tue Jan 01 2008 00:00:00 GMT+0700 (Western Indonesia Time),11.19,9.61,1.58,11.19,9.61,1.58,,
Feb-2008,Fri Feb 01 2008 00:00:00 GMT+0700 (Western Indonesia Time),10.55,9.84,0.7100000000000009,10.55,9.84,0.7100000000000009,,
Mar-2008,Sat Mar 01 2008 00:00:00 GMT+0700 (Western Indonesia Time),12.01,10.28,1.7300000000000004,12.01,10.28,1.7300000000000004,,
Apr-2008,Tue Apr 01 2008 00:00:00 GMT+0700 (Western Indonesia Time),10.92,11.65,-0.7300000000000004,10.92,11.65,-0.7300000000000004,,
May-2008,Thu May 01 2008 00:00:00 GMT+0700 (Western Indonesia Time),12.91,11.66,1.25,12.91,11.66,1.25,,
Jun-2008,Sun Jun 01 2008 00:00:00 GMT+0700 (Western Indonesia Time),12.82,12.11,0.7100000000000009,12.82,12.11,0.7100000000000009,,
Jul-2008,Tue Jul 01 2008 00:00:00 GMT+0700 (Western Indonesia Time),12.53,12.87,-0.33999999999999986,12.53,12.87,-0.33999999999999986,,
Sep-2008,Mon Sep 01 2008 00:00:00 GMT+0700 (Western Indonesia Time),12.28,11.34,0.9399999999999995,12.28,11.34,0.9399999999999995,,
Nov-2008,Sat Nov 01 2008 00:00:00 GMT+0700 (Western Indonesia Time),9.67,9.08,0.5899999999999999,9.67,9.08,0.5899999999999999,,
Jan-2009,Thu Jan 01 2009 00:00:00 GMT+0700 (Western Indonesia Time),7.28,6.6,0.6800000000000006,7.28,6.6,0.6800000000000006,,
Feb-2009,Sun Feb 01 2009 00:00:00 GMT+0700 (Western Indonesia Time),7.13,5.94,1.1899999999999995,7.13,5.94,1.1899999999999995,,
Mar-2009,Sun Mar 01 2009 00:00:00 GMT+0700 (Western Indonesia Time),8.61,6.55,2.0599999999999996,8.61,6.55,2.0599999999999996,,
Apr-2009,Wed Apr 01 2009 00:00:00 GMT+0700 (Western Indonesia Time),8.45,6.71,1.7399999999999993,8.45,6.71,1.7399999999999993,,
May-2009,Fri May 01 2009 00:00:00 GMT+0700 (Western Indonesia Time),9.21,7.64,1.5700000000000012,9.21,7.64,1.5700000000000012,,
Jun-2009,Mon Jun 01 2009 00:00:00 GMT+0700 (Western Indonesia Time),9.38,7.94,1.4400000000000004,9.38,7.94,1.4400000000000004,,
Jul-2009,Wed Jul 01 2009 00:00:00 GMT+0700 (Western Indonesia Time),9.68,8.68,1,9.68,8.68,1,,
Sep-2009,Tue Sep 01 2009 00:00:00 GMT+0700 (Western Indonesia Time),9.84,8.52,1.3200000000000003,9.84,8.52,1.3200000000000003,,
Nov-2009,Sun Nov 01 2009 00:00:00 GMT+0700 (Western Indonesia Time),10.78,8.81,1.9699999999999989,10.78,8.81,1.9699999999999989,,
Jan-2010,Fri Jan 01 2010 00:00:00 GMT+0700 (Western Indonesia Time),11.6,9.49,2.1099999999999994,11.6,9.49,2.1099999999999994,,
Feb-2010,Mon Feb 01 2010 00:00:00 GMT+0700 (Western Indonesia Time),11.17,9.5,1.67,11.17,9.5,1.67,,
Mar-2010,Mon Mar 01 2010 00:00:00 GMT+0700 (Western Indonesia Time),12.77,10.97,1.799999999999999,12.77,10.97,1.799999999999999,,
Apr-2010,Thu Apr 01 2010 00:00:00 GMT+0700 (Western Indonesia Time),12.04,11.24,0.7999999999999989,12.04,11.24,0.7999999999999989,,
May-2010,Sat May 01 2010 00:00:00 GMT+0700 (Western Indonesia Time),12.62,9.98,2.639999999999999,12.62,9.98,2.639999999999999,,
Jun-2010,Tue Jun 01 2010 00:00:00 GMT+0700 (Western Indonesia Time),12.33,11.76,0.5700000000000003,12.33,11.76,0.5700000000000003,,
Jul-2010,Thu Jul 01 2010 00:00:00 GMT+0700 (Western Indonesia Time),12.49,12.63,-0.14000000000000057,12.49,12.63,-0.14000000000000057,,
Sep-2010,Wed Sep 01 2010 00:00:00 GMT+0700 (Western Indonesia Time),12.18,9.65,2.5299999999999994,12.18,9.65,2.5299999999999994,,
Nov-2010,Mon Nov 01 2010 00:00:00 GMT+0700 (Western Indonesia Time),15.63,13.01,2.620000000000001,15.63,13.01,2.620000000000001,,
Jan-2011,Sat Jan 01 2011 00:00:00 GMT+0700 (Western Indonesia Time),14.61,12.56,2.049999999999999,14.61,12.56,2.049999999999999,,
Feb-2011,Tue Feb 01 2011 00:00:00 GMT+0700 (Western Indonesia Time),14.42,11.75,2.67,14.42,11.75,2.67,,
Mar-2011,Tue Mar 01 2011 00:00:00 GMT+0700 (Western Indonesia Time),16.37,14.49,1.8800000000000008,16.37,14.49,1.8800000000000008,,
Apr-2011,Fri Apr 01 2011 00:00:00 GMT+0700 (Western Indonesia Time),16.55,14.89,1.6600000000000001,16.55,14.89,1.6600000000000001,,
May-2011,Sun May 01 2011 00:00:00 GMT+0700 (Western Indonesia Time),18.29,14.83,3.459999999999999,18.29,14.83,3.459999999999999,,
Jun-2011,Wed Jun 01 2011 00:00:00 GMT+0700 (Western Indonesia Time),18.39,15.07,3.3200000000000003,18.39,15.07,3.3200000000000003,,
Jul-2011,Fri Jul 01 2011 00:00:00 GMT+0700 (Western Indonesia Time),17.42,16.21,1.2100000000000009,17.42,16.21,1.2100000000000009,,
Sep-2011,Thu Sep 01 2011 00:00:00 GMT+0700 (Western Indonesia Time),17.54,15.17,2.369999999999999,17.54,15.17,2.369999999999999,,
Nov-2011,Tue Nov 01 2011 00:00:00 GMT+0700 (Western Indonesia Time),17.24,15.39,1.8499999999999979,17.24,15.39,1.8499999999999979,,
Jan-2012,Sun Jan 01 2012 00:00:00 GMT+0700 (Western Indonesia Time),15.57,14.55,1.0199999999999996,15.57,14.55,1.0199999999999996,,
Feb-2012,Wed Feb 01 2012 00:00:00 GMT+0700 (Western Indonesia Time),15.7,14.87,0.8300000000000001,15.7,14.87,0.8300000000000001,,
Mar-2012,Thu Mar 01 2012 00:00:00 GMT+0700 (Western Indonesia Time),17.25,16.33,0.9200000000000017,17.25,16.33,0.9200000000000017,,
Apr-2012,Sun Apr 01 2012 00:00:00 GMT+0700 (Western Indonesia Time),16.17,16.94,-0.7699999999999996,16.17,16.94,-0.7699999999999996,,
May-2012,Tue May 01 2012 00:00:00 GMT+0700 (Western Indonesia Time),16.83,17.04,-0.21000000000000085,16.83,17.04,-0.21000000000000085,,
Jun-2012,Fri Jun 01 2012 00:00:00 GMT+0700 (Western Indonesia Time),15.44,16.73,-1.290000000000001,15.44,16.73,-1.290000000000001,,
Jul-2012,Sun Jul 01 2012 00:00:00 GMT+0700 (Western Indonesia Time),16.09,16.35,-0.26000000000000156,16.09,16.35,-0.26000000000000156,,
Sep-2012,Sat Sep 01 2012 00:00:00 GMT+0700 (Western Indonesia Time),15.9,15.35,0.5500000000000007,15.9,15.35,0.5500000000000007,,
Nov-2012,Thu Nov 01 2012 00:00:00 GMT+0700 (Western Indonesia Time),16.32,16.94,-0.620000000000001,16.32,16.94,-0.620000000000001,,
Jan-2013,Tue Jan 01 2013 00:00:00 GMT+0700 (Western Indonesia Time),15.38,15.45,-0.06999999999999851,15.38,15.45,-0.06999999999999851,,
Feb-2013,Fri Feb 01 2013 00:00:00 GMT+0700 (Western Indonesia Time),15.02,15.31,-0.2900000000000009,15.02,15.31,-0.2900000000000009,,
Mar-2013,Fri Mar 01 2013 00:00:00 GMT+0700 (Western Indonesia Time),15.02,14.89,0.129999999999999,15.02,14.89,0.129999999999999,,
Apr-2013,Mon Apr 01 2013 00:00:00 GMT+0700 (Western Indonesia Time),14.76,16.46,-1.700000000000001,14.76,16.46,-1.700000000000001,,
May-2013,Wed May 01 2013 00:00:00 GMT+0700 (Western Indonesia Time),16.13,16.66,-0.5300000000000011,16.13,16.66,-0.5300000000000011,,
Jun-2013,Sat Jun 01 2013 00:00:00 GMT+0700 (Western Indonesia Time),14.76,15.64,-0.8800000000000008,14.76,15.64,-0.8800000000000008,,
Jul-2013,Mon Jul 01 2013 00:00:00 GMT+0700 (Western Indonesia Time),15.09,17.42,-2.330000000000002,15.09,17.42,-2.330000000000002,,
Sep-2013,Sun Sep 01 2013 00:00:00 GMT+0700 (Western Indonesia Time),14.71,15.51,-0.7999999999999989,14.71,15.51,-0.7999999999999989,,
Nov-2013,Fri Nov 01 2013 00:00:00 GMT+0700 (Western Indonesia Time),15.94,15.15,0.7899999999999991,15.94,15.15,0.7899999999999991,,
Jan-2014,Wed Jan 01 2014 00:00:00 GMT+0700 (Western Indonesia Time),14.47,14.92,-0.4499999999999993,14.47,14.92,-0.4499999999999993,,
Feb-2014,Sat Feb 01 2014 00:00:00 GMT+0700 (Western Indonesia Time),14.63,13.79,0.8400000000000016,14.63,13.79,0.8400000000000016,,
Mar-2014,Sat Mar 01 2014 00:00:00 GMT+0700 (Western Indonesia Time),15.19,14.52,0.6699999999999999,15.19,14.52,0.6699999999999999,,
Apr-2014,Tue Apr 01 2014 00:00:00 GMT+0700 (Western Indonesia Time),14.29,16.26,-1.9700000000000024,14.29,16.26,-1.9700000000000024,,
May-2014,Thu May 01 2014 00:00:00 GMT+0700 (Western Indonesia Time),14.82,14.77,0.05000000000000071,14.82,14.77,0.05000000000000071,,
Jun-2014,Sun Jun 01 2014 00:00:00 GMT+0700 (Western Indonesia Time),15.41,15.7,-0.28999999999999915,15.41,15.7,-0.28999999999999915,,
Jul-2014,Tue Jul 01 2014 00:00:00 GMT+0700 (Western Indonesia Time),14.12,14.08,0.03999999999999915,14.12,14.08,0.03999999999999915,,
Sep-2014,Mon Sep 01 2014 00:00:00 GMT+0700 (Western Indonesia Time),15.28,15.55,-0.27000000000000135,15.28,15.55,-0.27000000000000135,,
Nov-2014,Sat Nov 01 2014 00:00:00 GMT+0700 (Western Indonesia Time),13.54,14.04,-0.5,13.54,14.04,-0.5,,
Jan-2015,Thu Jan 01 2015 00:00:00 GMT+0700 (Western Indonesia Time),13.24,12.61,0.6300000000000008,13.24,12.61,0.6300000000000008,,
Feb-2015,Sun Feb 01 2015 00:00:00 GMT+0700 (Western Indonesia Time),12.17,11.51,0.6600000000000001,12.17,11.51,0.6600000000000001,,
Mar-2015,Sun Mar 01 2015 00:00:00 GMT+0700 (Western Indonesia Time),13.63,12.61,1.0200000000000014,13.63,12.61,1.0200000000000014,,
Apr-2015,Wed Apr 01 2015 00:00:00 GMT+0700 (Western Indonesia Time),13.1,12.63,0.46999999999999886,13.1,12.63,0.46999999999999886,,
May-2015,Fri May 01 2015 00:00:00 GMT+0700 (Western Indonesia Time),12.75,11.61,1.1400000000000006,12.75,11.61,1.1400000000000006,,
Jun-2015,Mon Jun 01 2015 00:00:00 GMT+0700 (Western Indonesia Time),13.51,12.98,0.5299999999999994,13.51,12.98,0.5299999999999994,,
Jul-2015,Wed Jul 01 2015 00:00:00 GMT+0700 (Western Indonesia Time),11.47,10.08,1.3900000000000006,11.47,10.08,1.3900000000000006,,
Sep-2015,Tue Sep 01 2015 00:00:00 GMT+0700 (Western Indonesia Time),12.59,11.56,1.0299999999999994,12.59,11.56,1.0299999999999994,,
Nov-2015,Sun Nov 01 2015 00:00:00 GMT+0700 (Western Indonesia Time),11.12,11.52,-0.40000000000000036,11.12,11.52,-0.40000000000000036,,
Jan-2016,Fri Jan 01 2016 00:00:00 GMT+0700 (Western Indonesia Time),10.58,10.47,0.10999999999999943,10.58,10.47,0.10999999999999943,,
Feb-2016,Mon Feb 01 2016 00:00:00 GMT+0700 (Western Indonesia Time),11.32,10.18,1.1400000000000006,11.32,10.18,1.1400000000000006,,
Mar-2016,Tue Mar 01 2016 00:00:00 GMT+0700 (Western Indonesia Time),11.81,11.3,0.5099999999999998,11.81,11.3,0.5099999999999998,,
Apr-2016,Fri Apr 01 2016 00:00:00 GMT+0700 (Western Indonesia Time),11.69,10.81,0.879999999999999,11.69,10.81,0.879999999999999,,
May-2016,Sun May 01 2016 00:00:00 GMT+0700 (Western Indonesia Time),11.52,11.14,0.379999999999999,11.52,11.14,0.379999999999999,,
Jun-2016,Wed Jun 01 2016 00:00:00 GMT+0700 (Western Indonesia Time),13.21,12.1,1.1100000000000012,13.21,12.1,1.1100000000000012,,
Jul-2016,Fri Jul 01 2016 00:00:00 GMT+0700 (Western Indonesia Time),9.65,9.02,0.6300000000000008,9.65,9.02,0.6300000000000008,,
Sep-2016,Thu Sep 01 2016 00:00:00 GMT+0700 (Western Indonesia Time),12.58,11.3,1.2799999999999994,12.58,11.3,1.2799999999999994,,
Nov-2016,Tue Nov 01 2016 00:00:00 GMT+0700 (Western Indonesia Time),13.5,12.67,0.8300000000000001,13.5,12.67,0.8300000000000001,,
Jan-2017,Sun Jan 01 2017 00:00:00 GMT+0700 (Western Indonesia Time),13.4,11.97,1.4299999999999997,13.4,11.97,1.4299999999999997,,
Feb-2017,Wed Feb 01 2017 00:00:00 GMT+0700 (Western Indonesia Time),12.62,11.36,1.2599999999999998,12.62,11.36,1.2599999999999998,,
Mar-2017,Wed Mar 01 2017 00:00:00 GMT+0700 (Western Indonesia Time),14.72,13.28,1.4400000000000013,14.72,13.28,1.4400000000000013,,
Apr-2017,Sat Apr 01 2017 00:00:00 GMT+0700 (Western Indonesia Time),13.27,11.95,1.3200000000000003,13.27,11.95,1.3200000000000003,,
May-2017,Mon May 01 2017 00:00:00 GMT+0700 (Western Indonesia Time),14.33,13.77,0.5600000000000005,14.33,13.77,0.5600000000000005,,
Jun-2017,Thu Jun 01 2017 00:00:00 GMT+0700 (Western Indonesia Time),11.66,9.99,1.67,11.66,9.99,1.67,,
Jul-2017,Sat Jul 01 2017 00:00:00 GMT+0700 (Western Indonesia Time),13.61,13.89,-0.28000000000000114,13.61,13.89,-0.28000000000000114,,
Sep-2017,Fri Sep 01 2017 00:00:00 GMT+0700 (Western Indonesia Time),14.58,12.79,1.790000000000001,14.58,12.79,1.790000000000001,,
Nov-2017,Wed Nov 01 2017 00:00:00 GMT+0700 (Western Indonesia Time),15.33,15.11,0.22000000000000064,15.33,15.11,0.22000000000000064,,
Jan-2018,Mon Jan 01 2018 00:00:00 GMT+0700 (Western Indonesia Time),14.58,15.31,-0.7300000000000004,14.58,15.31,-0.7300000000000004,,
Feb-2018,Thu Feb 01 2018 00:00:00 GMT+0700 (Western Indonesia Time),14.13,14.19,-0.05999999999999872,14.13,14.19,-0.05999999999999872,,
Mar-2018,Thu Mar 01 2018 00:00:00 GMT+0700 (Western Indonesia Time),15.51,14.46,1.049999999999999,15.51,14.46,1.049999999999999,,
Apr-2018,Sun Apr 01 2018 00:00:00 GMT+0700 (Western Indonesia Time),14.5,16.16,-1.6600000000000001,14.5,16.16,-1.6600000000000001,,
May-2018,Tue May 01 2018 00:00:00 GMT+0700 (Western Indonesia Time),16.2,17.66,-1.4600000000000009,16.2,17.66,-1.4600000000000009,,
Jun-2018,Fri Jun 01 2018 00:00:00 GMT+0700 (Western Indonesia Time),12.94,11.27,1.67,12.94,11.27,1.67,,
Jul-2018,Sun Jul 01 2018 00:00:00 GMT+0700 (Western Indonesia Time),16.28,18.3,-2.0199999999999996,16.28,18.3,-2.0199999999999996,,
Sep-2018,Sat Sep 01 2018 00:00:00 GMT+0700 (Western Indonesia Time),14.96,14.61,0.3500000000000014,14.96,14.61,0.3500000000000014,,
Nov-2018,Thu Nov 01 2018 00:00:00 GMT+0700 (Western Indonesia Time),14.85,16.9,-2.049999999999999,14.85,16.9,-2.049999999999999,,
Jan-2019,Tue Jan 01 2019 00:00:00 GMT+0700 (Western Indonesia Time),14.03,15.01,-0.9800000000000004,14.03,15.01,-0.9800000000000004,,
Feb-2019,Fri Feb 01 2019 00:00:00 GMT+0700 (Western Indonesia Time),12.79,12.47,0.3199999999999985,12.79,12.47,0.3199999999999985,,
Mar-2019,Fri Mar 01 2019 00:00:00 GMT+0700 (Western Indonesia Time),14.45,13.75,0.6999999999999993,14.45,13.75,0.6999999999999993,,
Apr-2019,Mon Apr 01 2019 00:00:00 GMT+0700 (Western Indonesia Time),13.07,15.4,-2.33,13.07,15.4,-2.33,,
May-2019,Wed May 01 2019 00:00:00 GMT+0700 (Western Indonesia Time),14.75,14.61,0.14000000000000057,14.75,14.61,0.14000000000000057,,
Jun-2019,Sat Jun 01 2019 00:00:00 GMT+0700 (Western Indonesia Time),11.76,11.5,0.2599999999999998,11.76,11.5,0.2599999999999998,,
Jul-2019,Mon Jul 01 2019 00:00:00 GMT+0700 (Western Indonesia Time),15.24,15.52,-0.27999999999999936,15.24,15.52,-0.27999999999999936,,
Sep-2019,Sun Sep 01 2019 00:00:00 GMT+0700 (Western Indonesia Time),14.08,14.26,-0.17999999999999972,14.08,14.26,-0.17999999999999972,,
Nov-2019,Fri Nov 01 2019 00:00:00 GMT+0700 (Western Indonesia Time),13.94,15.34,-1.4000000000000004,13.94,15.34,-1.4000000000000004,,
Jan-2020,Wed Jan 01 2020 00:00:00 GMT+0700 (Western Indonesia Time),13.64,14.27,-0.629999999999999,13.64,14.27,-0.629999999999999,,
Feb-2020,Sat Feb 01 2020 00:00:00 GMT+0700 (Western Indonesia Time),14.04,11.55,2.4899999999999984,14.04,11.55,2.4899999999999984,,
Mar-2020,Sun Mar 01 2020 00:00:00 GMT+0700 (Western Indonesia Time),14.03,13.35,0.6799999999999997,14.03,13.35,0.6799999999999997,,
Apr-2020,Wed Apr 01 2020 00:00:00 GMT+0700 (Western Indonesia Time),12.16,12.54,-0.379999999999999,12.16,12.54,-0.379999999999999,,
May-2020,Fri May 01 2020 00:00:00 GMT+0700 (Western Indonesia Time),10.45,8.44,2.01,10.45,8.44,2.01,,
Jun-2020,Mon Jun 01 2020 00:00:00 GMT+0700 (Western Indonesia Time),12.01,10.76,1.25,12.01,10.76,1.25,,
Jul-2020,Wed Jul 01 2020 00:00:00 GMT+0700 (Western Indonesia Time),13.69,10.46,3.2299999999999986,13.69,10.46,3.2299999999999986,,
Sep-2020,Tue Sep 01 2020 00:00:00 GMT+0700 (Western Indonesia Time),13.96,11.57,2.3900000000000006,13.96,11.57,2.3900000000000006,,
Nov-2020,Sun Nov 01 2020 00:00:00 GMT+0700 (Western Indonesia Time),15.26,12.66,2.5999999999999996,15.26,12.66,2.5999999999999996,,
Jan-2021,Fri Jan 01 2021 00:00:00 GMT+0700 (Western Indonesia Time),15.29,13.33,1.959999999999999,15.29,13.33,1.959999999999999,,
Feb-2021,Mon Feb 01 2021 00:00:00 GMT+0700 (Western Indonesia Time),15.26,13.26,2,15.26,13.26,2,,
Mar-2021,Mon Mar 01 2021 00:00:00 GMT+0700 (Western Indonesia Time),18.35,16.79,1.5600000000000023,18.35,16.79,1.5600000000000023,,
Apr-2021,Thu Apr 01 2021 00:00:00 GMT+0700 (Western Indonesia Time),18.49,16.2,2.289999999999999,18.49,16.2,2.289999999999999,,
May-2021,Sat May 01 2021 00:00:00 GMT+0700 (Western Indonesia Time),16.93,14.23,2.6999999999999993,16.93,14.23,2.6999999999999993,,
Jun-2021,Tue Jun 01 2021 00:00:00 GMT+0700 (Western Indonesia Time),18.54,17.22,1.3200000000000003,18.54,17.22,1.3200000000000003,,
Jul-2021,Thu Jul 01 2021 00:00:00 GMT+0700 (Western Indonesia Time),19.39,15.26,4.130000000000001,19.39,15.26,4.130000000000001,,
Sep-2021,Wed Sep 01 2021 00:00:00 GMT+0700 (Western Indonesia Time),20.61,16.23,4.379999999999999,20.61,16.23,4.379999999999999,,
Nov-2021,Mon Nov 01 2021 00:00:00 GMT+0700 (Western Indonesia Time),22.84,19.33,3.5100000000000016,22.84,19.33,3.5100000000000016,,
Jan-2022,Sat Jan 01 2022 00:00:00 GMT+0700 (Western Indonesia Time),19.17,18.21,0.9600000000000009,19.17,18.21,0.9600000000000009,,
Feb-2022,Tue Feb 01 2022 00:00:00 GMT+0700 (Western Indonesia Time),20.47,16.64,3.8299999999999983,20.47,16.64,3.8299999999999983,,
Mar-2022,Tue Mar 01 2022 00:00:00 GMT+0700 (Western Indonesia Time),26.54,22,4.539999999999999,26.54,22,4.539999999999999,,
Apr-2022,Fri Apr 01 2022 00:00:00 GMT+0700 (Western Indonesia Time),27.32,19.76,7.559999999999999,27.32,19.76,7.559999999999999,,
May-2022,Sun May 01 2022 00:00:00 GMT+0700 (Western Indonesia Time),21.51,18.61,2.900000000000002,21.51,18.61,2.900000000000002,,
Jun-2022,Wed Jun 01 2022 00:00:00 GMT+0700 (Western Indonesia Time),26.14,21,5.140000000000001,26.14,21,5.140000000000001,,
Jul-2022,Fri Jul 01 2022 00:00:00 GMT+0700 (Western Indonesia Time),25.57,21.35,4.219999999999999,25.57,21.35,4.219999999999999,,
Sep-2022,Thu Sep 01 2022 00:00:00 GMT+0700 (Western Indonesia Time),24.78,19.81,4.970000000000002,24.78,19.81,4.970000000000002,,
Nov-2022,Tue Nov 01 2022 00:00:00 GMT+0700 (Western Indonesia Time),24.06,18.96,5.099999999999998,24.06,18.96,5.099999999999998,,
Jan-2023,Sun Jan 01 2023 00:00:00 GMT+0700 (Western Indonesia Time),22.32,18.44,3.879999999999999,22.32,18.44,3.879999999999999,,
Feb-2023,Wed Feb 01 2023 00:00:00 GMT+0700 (Western Indonesia Time),21.32,15.92,5.4,21.32,15.92,5.4,,
Mar-2023,Wed Mar 01 2023 00:00:00 GMT+0700 (Western Indonesia Time),23.42,20.59,2.830000000000002,23.42,20.59,2.830000000000002,,
Apr-2023,Sat Apr 01 2023 00:00:00 GMT+0700 (Western Indonesia Time),19.29,15.35,3.9399999999999995,19.29,15.35,3.9399999999999995,,
May-2023,Mon May 01 2023 00:00:00 GMT+0700 (Western Indonesia Time),21.71,21.28,0.4299999999999997,21.71,21.28,0.4299999999999997,,
Jun-2023,Thu Jun 01 2023 00:00:00 GMT+0700 (Western Indonesia Time),20.6,17.15,3.450000000000003,20.6,17.15,3.450000000000003,,
Jul-2023,Sat Jul 01 2023 00:00:00 GMT+0700 (Western Indonesia Time),20.86,19.57,1.2899999999999991,20.86,19.57,1.2899999999999991,,
Sep-2023,Fri Sep 01 2023 00:00:00 GMT+0700 (Western Indonesia Time),20.75,17.34,3.41,20.75,17.34,3.41,,
Nov-2023,Wed Nov 01 2023 00:00:00 GMT+0700 (Western Indonesia Time),22,19.59,2.41,22,19.59,2.41,,
Jan-2024,Mon Jan 01 2024 00:00:00 GMT+0700 (Western Indonesia Time),20.49,18.49,2,20.49,18.49,2,,
Feb-2024,Thu Feb 01 2024 00:00:00 GMT+0700 (Western Indonesia Time),19.27,18.44,0.8299999999999983,19.27,18.44,0.8299999999999983,,
Mar-2024,Fri Mar 01 2024 00:00:00 GMT+0700 (Western Indonesia Time),22.54,17.96,4.579999999999998,22.54,17.96,4.579999999999998,,
Apr-2024,Mon Apr 01 2024 00:00:00 GMT+0700 (Western Indonesia Time),19.62,16.895,2.7250000000000014,19.62,16.895,2.7250000000000014,,
May-2024,Wed May 01 2024 00:00:00 GMT+0700 (Western Indonesia Time),22.32,19.4,2.9200000000000017,22.32,19.4,2.9200000000000017,,
Jun-2024,Sat Jun 01 2024 00:00:00 GMT+0700 (Western Indonesia Time),20.84,18.45,2.3900000000000006,20.84,18.45,2.3900000000000006,,
Jul-2024,Mon Jul 01 2024 00:00:00 GMT+0700 (Western Indonesia Time),22.24,21.74,0.5,22.24,21.74,0.5,,
Aug-2024,Thu Aug 01 2024 00:00:00 GMT+0700 (Western Indonesia Time),23.44,20.67,2.7699999999999996,23.44,20.67,2.7699999999999996,,
Sep-2024,Sun Sep 01 2024 00:00:00 GMT+0700 (Western Indonesia Time),22.08,18.82,3.259999999999998,22.08,18.82,3.259999999999998,,
Oct-2024,Tue Oct 01 2024 00:00:00 GMT+0700 (Western Indonesia Time),24.41,21.94,2.469999999999999,24.41,21.94,2.469999999999999,,
Nov-2024,Fri Nov 01 2024 00:00:00 GMT+0700 (Western Indonesia Time),24.01,19.59,4.420000000000002,24.01,19.59,4.420000000000002,,
Dec-2024,Sun Dec 01 2024 00:00:00 GMT+0700 (Western Indonesia Time),23.46,21.22,2.240000000000002,23.46,21.22,2.240000000000002,,
Jan-2025,Wed Jan 01 2025 00:00:00 GMT+0700 (Western Indonesia Time),21.45,18,3.4499999999999993,21.45,18,3.4499999999999993,,
Feb-2025,Sat Feb 01 2025 00:00:00 GMT+0700 (Western Indonesia Time),21.94,18.85,3.09,21.94,18.85,3.09,,
Mar-2025,Sat Mar 01 2025 00:00:00 GMT+0700 (Western Indonesia Time),23.25,18.92,4.329999999999998,23.25,18.92,4.329999999999998,,
Apr-2025,Tue Apr 01 2025 00:00:00 GMT+0700 (Western Indonesia Time),20.7438,20.585,0.15879999999999939,20.7438,20.585,0.15879999999999939,,
May-2025,Thu May 01 2025 00:00:00 GMT+0700 (Western Indonesia Time),24.61,20.31,4.300000000000001,24.61,20.31,4.300000000000001,,
Jun-2025,Sun Jun 01 2025 00:00:00 GMT+0700 (Western Indonesia Time),23.4365,19.333,4.1035,23.4365,19.333,4.1035,,
,,,,,,,,,
,,,,,,,,,
,,,,,,,,,
,,,,,,,,,
,,,,,,,,,
,,,,,,,,,
,,,,,,,,,
,,,,,,,,,
,,,,,,,,,
,,,,,,,,,
,,,,,,,,,
,,,,,,,,,
,,,,,,,,,
,,,,,,,,,
,,,,,,,,,
,,,,,,,,,
,,,,,,,,,
,,,,,,,,,
,,,,,,,,,
,,,,,,,,,
,,,,,,,,,
,,,,,,,,,
,,,,,,,,,
,,,,,,,,,
,,,,,,,,,
,,,,,,,,,
,,,,,,,,,
,,,,,,,,,
,,,,,,,,,
,,,,,,,,,
,,,,,,,,,
,,,,,,,,,
,,,,,,,,,
,,,,,,,,,
,,,,,,,,,
,,,,,,,,,
,,,,,,,,,
,,,,,,,,,
,,,,,,,,,
,,,,,,,,,
,,,,,,,,,
,,,,,,,,,
,,,,,,,,,
,,,,,,,,,
,,,,,,,,,
,,,,,,,,,
,,,,,,,,,
,,,,,,,,,
,,,,,,,,,
,,,,,,,,,
,,,,,,,,,
,,,,,,,,,
,,,,,,,,,
,,,,,,,,,
,,,,,,,,,
,,,,,,,,,
,,,,,,,,,
,,,,,,,,,
,,,,,,,,,
,,,,,,,,,
,,,,,,,,,
,,,,,,,,,
,,,,,,,,,
,,,,,,,,,
,,,,,,,,,
,,,,,,,,,
,,,,,,,,,
,,,,,,,,,
,,,,,,,,,
,,,,,,,,,
,,,,,,,,,
,,,,,,,,,
,,,,,,,,,
,,,,,,,,,
,,,,,,,,,
,,,,,,,,,
,,,,,,,,,
,,,,,,,,,
,,,,,,,,,
,,,,,,,,,
,,,,,,,,,
,,,,,,,,,
,,,,,,,,,
,,,,,,,,,
,,,,,,,,,
,,,,,,,,,
,,,,,,,,,
,,,,,,,,,
,,,,,,,,,
,,,,,,,,,
,,,,,,,,,
,,,,,,,,,
,,,,,,,,,
,,,,,,,,,
,,,,,,,,,
,,,,,,,,,
,,,,,,,,,
,,,,,,,,,
,,,,,,,,,
,,,,,,,,,
,,,,,,,,,
,,,,,,,,,
,,,,,,,,,
,,,,,,,,,
,,,,,,,,,
,,,,,,,,,
,,,,,,,,,
,,,,,,,,,
,,,,,,,,,
,,,,,,,,,
,,,,,,,,,
,,,,,,,,,
,,,,,,,,,
,,,,,,,,,
,,,,,,,,,
,,,,,,,,,
,,,,,,,,,
,,,,,,,,,
,,,,,,,,,
,,,,,,,,,
,,,,,,,,,
,,,,,,,,,
,,,,,,,,,
,,,,,,,,,
,,,,,,,,,
,,,,,,,,,
,,,,,,,,,
,,,,,,,,,
,,,,,,,,,
,,,,,,,,,
,,,,,,,,,
,,,,,,,,,
,,,,,,,,,
,,,,,,,,,
,,,,,,,,,
,,,,,,,,,
,,,,,,,,,
,,,,,,,,,
,,,,,,,,,
,,,,,,,,,
,,,,,,,,,
,,,,,,,,,
,,,,,,,,,
,,,,,,,,,
,,,,,,,,,
,,,,,,,,,
,,,,,,,,,
,,,,,,,,,
,,,,,,,,,
,,,,,,,,,
,,,,,,,,,
,,,,,,,,,
,,,,,,,,,
,,,,,,,,,
,,,,,,,,,
,,,,,,,,,
,,,,,,,,,
,,,,,,,,,
,,,,,,,,,
,,,,,,,,,
,,,,,,,,,
,,,,,,,,,
,,,,,,,,,
,,,,,,,,,
,,,,,,,,,
,,,,,,,,,
,,,,,,,,,
,,,,,,,,,
,,,,,,,,,
,,,,,,,,,
,,,,,,,,,
,,,,,,,,,
,,,,,,,,,
,,,,,,,,,
,,,,,,,,,
,,,,,,,,,
,,,,,,,,,
,,,,,,,,,
,,,,,,,,,
,,,,,,,,,
,,,,,,,,,
,,,,,,,,,
,,,,,,,,,
,,,,,,,,,
,,,,,,,,,
,,,,,,,,,
,,,,,,,,,
,,,,,,,,,
,,,,,,,,,
,,,,,,,,,
,,,,,,,,,
,,,,,,,,,
,,,,,,,,,
,,,,,,,,,
,,,,,,,,,
,,,,,,,,,
,,,,,,,,,
,,,,,,,,,
,,,,,,,,,
,,,,,,,,,
,,,,,,,,,
,,,,,,,,,
,,,,,,,,,
,,,,,,,,,
,,,,,,,,,
,,,,,,,,,
,,,,,,,,,
,,,,,,,,,
,,,,,,,,,
,,,,,,,,,
,,,,,,,,,
,,,,,,,,,
,,,,,,,,,
,,,,,,,,,
,,,,,,,,,
,,,,,,,,,
,,,,,,,,,
,,,,,,,,,
,,,,,,,,,
,,,,,,,,,
,,,,,,,,,
,,,,,,,,,
,,,,,,,,,
,,,,,,,,,
,,,,,,,,,
,,,,,,,,,
,,,,,,,,,
,,,,,,,,,
,,,,,,,,,
,,,,,,,,,
,,,,,,,,,
,,,,,,,,,
,,,,,,,,,
,,,,,,,,,
,,,,,,,,,
,,,,,,,,,
,,,,,,,,,
,,,,,,,,,
,,,,,,,,,
,,,,,,,,,
,,,,,,,,,
,,,,,,,,,
,,,,,,,,,
,,,,,,,,,
,,,,,,,,,
,,,,,,,,,
,,,,,,,,,
,,,,,,,,,
,,,,,,,,,
,,,,,,,,,
,,,,,,,,,
,,,,,,,,,
,,,,,,,,,
,,,,,,,,,
,,,,,,,,,
,,,,,,,,,
,,,,,,,,,
,,,,,,,,,
,,,,,,,,,
,,,,,,,,,
,,,,,,,,,
,,,,,,,,,
,,,,,,,,,
,,,,,,,,,
,,,,,,,,,
,,,,,,,,,
,,,,,,,,,
,,,,,,,,,
,,,,,,,,,
,,,,,,,,,
,,,,,,,,,
,,,,,,,,,
,,,,,,,,,
,,,,,,,,,
,,,,,,,,,
,,,,,,,,,
,,,,,,,,,
,,,,,,,,,
,,,,,,,,,
,,,,,,,,,
,,,,,,,,,
,,,,,,,,,
,,,,,,,,,
,,,,,,,,,
,,,,,,,,,
,,,,,,,,,
,,,,,,,,,
,,,,,,,,,
,,,,,,,,,
,,,,,,,,,
,,,,,,,,,
,,,,,,,,,
,,,,,,,,,
,,,,,,,,,
,,,,,,,,,
,,,,,,,,,
,,,,,,,,,
,,,,,,,,,
,,,,,,,,,
,,,,,,,,,
,,,,,,,,,
,,,,,,,,,
,,,,,,,,,
,,,,,,,,,
,,,,,,,,,
,,,,,,,,,
,,,,,,,,,
,,,,,,,,,
,,,,,,,,,
,,,,,,,,,
,,,,,,,,,
,,,,,,,,,
,,,,,,,,,
,,,,,,,,,
,,,,,,,,,
,,,,,,,,,
,,,,,,,,,
,,,,,,,,,
,,,,,,,,,
,,,,,,,,,
,,,,,,,,,
,,,,,,,,,
,,,,,,,,,
,,,,,,,,,
,,,,,,,,,
,,,,,,,,,
,,,,,,,,,
,,,,,,,,,
,,,,,,,,,
,,,,,,,,,
,,,,,,,,,
,,,,,,,,,
,,,,,,,,,
,,,,,,,,,
,,,,,,,,,
,,,,,,,,,
,,,,,,,,,
,,,,,,,,,
,,,,,,,,,
,,,,,,,,,
,,,,,,,,,
,,,,,,,,,
,,,,,,,,,
,,,,,,,,,
,,,,,,,,,
,,,,,,,,,
,,,,,,,,,
,,,,,,,,,
,,,,,,,,,
,,,,,,,,,
,,,,,,,,,
,,,,,,,,,
,,,,,,,,,
,,,,,,,,,
,,,,,,,,,
,,,,,,,,,
,,,,,,,,,
,,,,,,,,,
,,,,,,,,,
,,,,,,,,,
,,,,,,,,,
,,,,,,,,,
,,,,,,,,,
,,,,,,,,,
,,,,,,,,,
,,,,,,,,,
,,,,,,,,,
,,,,,,,,,
,,,,,,,,,
,,,,,,,,,
,,,,,,,,,
,,,,,,,,,
,,,,,,,,,
,,,,,,,,,
,,,,,,,,,
,,,,,,,,,
,,,,,,,,,
,,,,,,,,,
,,,,,,,,,
,,,,,,,,,
,,,,,,,,,
,,,,,,,,,
,,,,,,,,,
,,,,,,,,,
,,,,,,,,,
,,,,,,,,,
,,,,,,,,,
,,,,,,,,,
,,,,,,,,,
,,,,,,,,,
,,,,,,,,,
,,,,,,,,,
,,,,,,,,,
,,,,,,,,,
,,,,,,,,,
,,,,,,,,,
,,,,,,,,,
,,,,,,,,,
,,,,,,,,,
,,,,,,,,,
,,,,,,,,,
,,,,,,,,,
,,,,,,,,,
,,,,,,,,,
,,,,,,,,,
,,,,,,,,,
,,,,,,,,,
,,,,,,,,,
,,,,,,,,,
,,,,,,,,,
,,,,,,,,,
,,,,,,,,,
,,,,,,,,,
,,,,,,,,,
,,,,,,,,,
,,,,,,,,,
,,,,,,,,,
,,,,,,,,,
,,,,,,,,,
,,,,,,,,,
,,,,,,,,,
,,,,,,,,,
,,,,,,,,,
,,,,,,,,,
,,,,,,,,,
,,,,,,,,,
,,,,,,,,,
,,,,,,,,,
,,,,,,,,,
,,,,,,,,,
,,,,,,,,,
,,,,,,,,,
,,,,,,,,,
,,,,,,,,,
,,,,,,,,,
,,,,,,,,,
,,,,,,,,,
,,,,,,,,,
,,,,,,,,,
,,,,,,,,,
,,,,,,,,,
,,,,,,,,,
,,,,,,,,,
,,,,,,,,,
,,,,,,,,,
,,,,,,,,,
,,,,,,,,,
,,,,,,,,,
,,,,,,,,,
,,,,,,,,,
,,,,,,,,,
,,,,,,,,,
,,,,,,,,,
,,,,,,,,,
,,,,,,,,,
,,,,,,,,,
,,,,,,,,,
,,,,,,,,,
,,,,,,,,,
,,,,,,,,,
,,,,,,,,,
,,,,,,,,,
,,,,,,,,,
,,,,,,,,,
,,,,,,,,,
,,,,,,,,,
,,,,,,,,,
,,,,,,,,,
,,,,,,,,,
,,,,,,,,,
,,,,,,,,,
,,,,,,,,,
,,,,,,,,,
,,,,,,,,,
,,,,,,,,,
,,,,,,,,,
,,,,,,,,,
,,,,,,,,,
,,,,,,,,,
,,,,,,,,,
,,,,,,,,,
,,,,,,,,,
,,,,,,,,,
,,,,,,,,,
,,,,,,,,,
,,,,,,,,,
,,,,,,,,,
,,,,,,,,,
,,,,,,,,,
,,,,,,,,,
,,,,,,,,,
,,,,,,,,,
,,,,,,,,,
,,,,,,,,,
,,,,,,,,,
,,,,,,,,,
,,,,,,,,,
,,,,,,,,,
,,,,,,,,,
,,,,,,,,,
,,,,,,,,,
,,,,,,,,,
,,,,,,,,,
,,,,,,,,,
,,,,,,,,,
,,,,,,,,,
,,,,,,,,,
,,,,,,,,,
,,,,,,,,,
,,,,,,,,,
,,,,,,,,,
,,,,,,,,,
,,,,,,,,,
,,,,,,,,,
,,,,,,,,,
,,,,,,,,,
,,,,,,,,,
,,,,,,,,,
,,,,,,,,,
,,,,,,,,,
,,,,,,,,,
,,,,,,,,,
,,,,,,,,,
,,,,,,,,,
,,,,,,,,,
,,,,,,,,,
,,,,,,,,,
,,,,,,,,,
,,,,,,,,,
,,,,,,,,,
,,,,,,,,,
,,,,,,,,,
,,,,,,,,,
,,,,,,,,,
,,,,,,,,,
,,,,,,,,,
,,,,,,,,,
,,,,,,,,,
,,,,,,,,,
,,,,,,,,,
,,,,,,,,,
,,,,,,,,,
,,,,,,,,,
,,,,,,,,,
,,,,,,,,,
,,,,,,,,,
,,,,,,,,,
,,,,,,,,,
,,,,,,,,,
,,,,,,,,,
,,,,,,,,,
,,,,,,,,,
,,,,,,,,,
,,,,,,,,,
,,,,,,,,,
,,,,,,,,,
,,,,,,,,,
,,,,,,,,,
,,,,,,,,,
,,,,,,,,,
,,,,,,,,,
,,,,,,,,,
,,,,,,,,,
,,,,,,,,,
,,,,,,,,,
,,,,,,,,,
,,,,,,,,,
,,,,,,,,,
,,,,,,,,,
,,,,,,,,,
,,,,,,,,,
,,,,,,,,,
,,,,,,,,,
,,,,,,,,,
,,,,,,,,,
,,,,,,,,,
,,,,,,,,,
,,,,,,,,,
,,,,,,,,,
,,,,,,,,,
,,,,,,,,,
,,,,,,,,,
,,,,,,,,,
,,,,,,,,,
,,,,,,,,,
,,,,,,,,,
,,,,,,,,,
,,,,,,,,,
,,,,,,,,,
,,,,,,,,,
,,,,,,,,,
,,,,,,,,,
,,,,,,,,,
,,,,,,,,,
,,,,,,,,,
,,,,,,,,,
,,,,,,,,,
,,,,,,,,,
,,,,,,,,,
,,,,,,,,,
,,,,,,,,,
,,,,,,,,,
,,,,,,,,,
,,,,,,,,,
,,,,,,,,,
,,,,,,,,,
,,,,,,,,,
,,,,,,,,,
,,,,,,,,,
,,,,,,,,,
,,,,,,,,,
,,,,,,,,,
,,,,,,,,,
,,,,,,,,,
,,,,,,,,,
,,,,,,,,,
,,,,,,,,,
,,,,,,,,,
,,,,,,,,,
,,,,,,,,,
,,,,,,,,,
,,,,,,,,,
,,,,,,,,,
,,,,,,,,,
,,,,,,,,,
,,,,,,,,,
,,,,,,,,,
,,,,,,,,,
,,,,,,,,,
,,,,,,,,,
,,,,,,,,,
,,,,,,,,,
,,,,,,,,,
,,,,,,,,,
,,,,,,,,,
,,,,,,,,,
,,,,,,,,,
,,,,,,,,,
,,,,,,,,,
,,,,,,,,,
,,,,,,,,,
,,,,,,,,,
,,,,,,,,,
,,,,,,,,,
,,,,,,,,,
,,,,,,,,,
,,,,,,,,,
,,,,,,,,,
,,,,,,,,,
,,,,,,,,,
,,,,,,,,,
,,,,,,,,,
,,,,,,,,,
,,,,,,,,,
,,,,,,,,,
,,,,,,,,,
,,,,,,,,,
,,,,,,,,,
,,,,,,,,,
,,,,,,,,,
,,,,,,,,,
,,,,,,,,,
,,,,,,,,,
,,,,,,,,,
,,,,,,,,,
,,,,,,,,,
,,,,,,,,,
,,,,,,,,,
,,,,,,,,,
,,,,,,,,,
,,,,,,,,,
,,,,,,,,,
,,,,,,,,,
,,,,,,,,,
,,,,,,,,,
,,,,,,,,,
,,,,,,,,,
,,,,,,,,,
,,,,,,,,,
,,,,,,,,,
,,,,,,,,,
,,,,,,,,,
,,,,,,,,,
,,,,,,,,,
,,,,,,,,,
,,,,,,,,,
,,,,,,,,,
,,,,,,,,,
,,,,,,,,,
,,,,,,,,,
,,,,,,,,,
,,,,,,,,,
,,,,,,,,,
,,,,,,,,,
,,,,,,,,,
,,,,,,,,,
,,,,,,,,,
,,,,,,,,,
,,,,,,,,,
,,,,,,,,,
,,,,,,,,,
,,,,,,,,,
,,,,,,,,,
,,,,,,,,,
,,,,,,,,,
,,,,,,,,,
,,,,,,,,,
,,,,,,,,,
,,,,,,,,,
,,,,,,,,,
,,,,,,,,,
,,,,,,,,,
,,,,,,,,,
,,,,,,,,,
,,,,,,,,,
,,,,,,,,,
,,,,,,,,,
,,,,,,,,,
,,,,,,,,,
,,,,,,,,,
,,,,,,,,,
,,,,,,,,,
,,,,,,,,,
,,,,,,,,,
,,,,,,,,,
,,,,,,,,,
,,,,,,,,,
,,,,,,,,,
,,,,,,,,,
,,,,,,,,,
,,,,,,,,,
,,,,,,,,,
,,,,,,,,,
,,,,,,,,,
,,,,,,,,,
,,,,,,,,,
,,,,,,,,,
,,,,,,,,,
,,,,,,,,,
,,,,,,,,,
,,,,,,,,,
,,,,,,,,,
,,,,,,,,,
,,,,,,,,,
,,,,,,,,,
,,,,,,,,,
,,,,,,,,,
,,,,,,,,,
,,,,,,,,,
,,,,,,,,,
,,,,,,,,,
,,,,,,,,,
,,,,,,,,,
,,,,,,,,,
,,,,,,,,,
,,,,,,,,,
,,,,,,,,,
,,,,,,,,,
,,,,,,,,,
,,,,,,,,,
,,,,,,,,,
,,,,,,,,,
,,,,,,,,,
,,,,,,,,,
,,,,,,,,,
